{
    "Name": "RMA_SpiralSmall",
    "Bounds": 2500,
    "Tags": [
        "Rooms.Linear.CustomSmall"
    ],
    "FloodFillLines": {
        "Floodfill_1": {
            "Points": [
                {
                    "Location": {
                        "X": 3000.0,
                        "Y": 0.01,
                        "Z": 0.01
                    },
                    "HRange": 800,
                    "VRange": 800
                },
                {
                    "Location": {
                        "X": 2031.8447148772234,
                        "Y": 2207.1717320193948,
                        "Z": 330.6939635357677
                    },
                    "HRange": 800,
                    "VRange": 800
                },
                {
                    "Location": {
                        "X": 0.01,
                        "Y": 2989.7534790200098,
                        "Z": 661.3879270715354
                    },
                    "HRange": 800,
                    "VRange": 800
                },
                {
                    "Location": {
                        "X": 0.01,
                        "Y": 1842.6381380690038,
                        "Z": 992.0818906073031
                    },
                    "HRange": 800,
                    "VRange": 800
                }
            ]
        }
    },
    "Entrances": {
        "Entrance_0": {
            "Location": {
                "X": -800,
                "Y": 1700,
                "Z": 1300
            },
            "Type": "Entrance",
            "Direction": {
                "Pitch": 0,
                "Roll": 0,
                "Yaw": 0
            }
        },
        "Entrance_1": {
            "Location": {
                "X": 3600.0,
                "Y": 0.01,
                "Z": 50.01
            },
            "Type": "Exit",
            "Direction": {
                "Pitch": 0,
                "Roll": 0,
                "Yaw": 0
            }
        }
    }
}
